이름,개수
민준,42035
서준,37332
도윤,29248
예준,26816
시우,25318
주원,24740
하준,23037
지호,22183
지후,19313
준우,19161
현우,19034
준서,18671
도현,18531
지훈,18128
건우,17737
우진,15951
선우,12116
민재,11464
현준,11364
유준,10802
서진,10661
연우,9897
은우,9560
정우,9134
시윤,8323
준혁,7766
승현,7692
이준,7183
승우,6807
승민,6450
지환,6227
민성,6112
윤우,5460
준영,5302
수호,5244
수현,5041
동현,4694
진우,4669
유찬,4368
지우,4166
시후,3874
지원,3677
이안,3361
성민,3032
지안,2997
민규,2927
재원,2849
재윤,2479
성현,2197
시현,2163
준호,2117
지한,2073
태윤,2044
로운,1900
재민,1870
민우,1743
재현,1714
태현,1638
정민,1630
민찬,1628
시원,1623
한결,1619
윤호,1578
시온,1574
우주,1568
민석,1555
서우,1554
은찬,1473
성준,1291
승준,1244
우빈,1224
지민,1108
정현,1097
도하,1079
이든,1071
현서,1067
현수,1047
민수,1042
민호,1036
윤성,1018
윤재,1002
민혁,987
지성,978
도훈,916
은호,877
다온,859
하진,857
하율,844
경민,820
이현,795
규민,781
정훈,775
지율,768
태민,734
준성,725
민기,721
예성,679
강민,674
준,649
준수,638
승원,636
율,636
재훈,626
하민,608
주안,598
태훈,577
시안,557
승호,548
민서,540
태경,534
도경,517
주호,514
상현,510
준희,500
원준,499
은성,489
도영,468
하온,466
예찬,453
승훈,447
현성,446
건호,436
동건,431
범준,429
지완,423
주영,419
하람,418
건,417
우현,405
라온,393
주환,391
태양,383
태영,382
태오,378
성훈,377
영준,374
태우,367
우성,366
성우,365
상우,357
동욱,354
재영,350
시완,345
현민,342
지오,337
도겸,332
도율,317
대현,311
시훈,309
성빈,309
동우,306
성윤,306
세현,306
주현,304
진호,301
태호,299
현진,291
정호,288
지운,282
재하,278
건희,269
시환,267
시율,267
재우,265
민건,265
정후,264
성호,262
준석,261
도원,260
현승,256
현석,253
태준,250
형준,248
동하,243
승환,241
승재,233
대겸,231
단우,231
정원,230
호준,217
상민,216
재혁,214
성원,213
하랑,209
주혁,203
동훈,202
현호,202
재준,200
수혁,197
로이,191
성진,190
승빈,190
준형,184
현,182
유안,181
찬영,180
진혁,179
석현,178
태규,174
승윤,173
태건,169
연준,166
종현,165
성환,163
정환,162
신우,162
준범,162
재호,161
동혁,161
상원,158
태환,158
서후,156
도준,155
재성,153
찬우,153
호진,151
보성,150
우영,150
수민,148
기태,146
주한,146
용준,144
기범,140
동규,140
이한,140
재환,136
영진,133
지혁,133
동윤,132
우혁,131
영민,129
서호,129
요한,128
주완,128
서율,127
재이,127
무성,126
창민,125
윤,125
현빈,125
상훈,124
우재,124
재용,123
대호,122
진영,121
태원,118
경준,115
도진,115
동준,113
대영,111
도건,111
현규,110
재형,108
영훈,107
태율,106
명준,105
가온,104
선호,103
성재,102
윤찬,100
승주,100
동원,98
세훈,98
시헌,98
승찬,98
하늘,98
윤후,95
서원,94
상윤,93
준현,93
승후,93
유건,93
근호,91
유성,90
혁,90
유진,90
도형,89
훈,89
동주,88
세준,88
영우,87
지용,87
강현,87
현욱,86
성주,85
승혁,84
효준,84
동호,82
진수,81
연호,81
시형,80
원우,80
호영,80
우석,79
창현,79
범수,79
상준,79
현태,79
민제,79
영재,78
아인,78
근우,77
주형,77
우찬,77
유민,76
온유,76
정빈,75
경환,75
이수,75
유현,75
규빈,74
동환,73
상진,73
찬민,73
시호,72
성욱,71
인우,71
하성,71
인호,70
진서,70
세윤,69
민승,69
준원,68
우준,68
강준,68
민철,67
영호,67
현도,67
도연,67
재범,67
희찬,67
시영,66
산,66
정수,65
지웅,65
태겸,64
경훈,64
태하,64
준민,63
민,63
찬,63
해준,62
명진,61
진욱,61
지윤,61
경호,59
기현,59
요셉,59
동민,59
태인,59
도균,58
찬희,58
시언,58
승진,57
주성,57
윤수,56
성찬,56
원석,55
태욱,55
수영,55
대윤,54
영수,54
건후,54
건영,54
진형,53
종민,52
영환,52
영광,52
관우,51
태성,51
채민,51
준후,51
은율,51
대훈,50
승유,50
선율,50
종호,49
부건,49
태연,49
은혁,49
성수,48
인성,48
승헌,48
희준,48
희성,47
호연,47
태형,46
범진,46
리한,46
찬율,46
서윤,46
석원,45
승범,45
하윤,45
동재,44
무결,44
도운,44
수환,43
상호,43
태웅,43
해성,42
영찬,42
종우,42
서빈,42
한율,42
정인,41
세진,41
준기,41
건율,41
윤서,41
재백,40
현재,40
윤석,39
형진,39
상욱,39
진성,39
원재,39
재헌,39
찬호,39
리안,39
규현,39
로건,39
석민,38
진,38
윤혁,38
경태,37
진석,37
형석,37
태균,37
재경,37
호성,37
강,37
유신,37
재욱,36
지수,36
강우,36
준오,36
혜성,36
유빈,36
태검,35
종훈,35
민영,35
은준,35
서현,35
인혁,34
희재,34
주헌,34
희원,34
민결,34
아준,34
준하,33
찬혁,33
규태,32
용현,32
환,32
도우,32
형우,32
민형,32
윤준,32
기성,31
재운,31
동근,31
윤건,31
준용,31
재희,31
진현,31
준모,31
가람,31
환희,31
병철,30
승연,30
연수,30
리우,30
용수,29
영석,29
재연,29
무진,29
용진,29
동영,29
지현,29
세영,29
윤제,29
수찬,29
은규,29
대원,28
정윤,28
다니엘,28
정재,28
지석,28
성연,28
재율,28
여준,28
종원,27
동진,27
동연,27
현기,27
석훈,27
지욱,27
시하,27
찬유,27
태이,27
유섭,26
인수,26
세연,26
창우,26
동희,26
광현,26
지승,26
종혁,26
희수,26
하루,26
철호,25
태완,25
문성,25
원호,25
시준,25
한준,25
원영,24
윤태,24
기환,24
정석,24
재진,24
상혁,24
세호,24
지헌,24
준휘,24
은후,24
한솔,24
은재,24
하빈,24
해인,24
현철,23
성운,23
두현,23
승태,23
종석,23
진원,23
정규,23
세원,23
동균,23
영현,23
형주,23
재빈,23
유하,23
용호,22
부성,22
명수,22
종찬,22
병준,22
호,22
은수,22
한울,22
김,21
대경,21
형욱,21
주용,21
준환,21
대건,21
정혁,21
태운,21
은석,21
미르,21
의현,21
수오,21
세찬,21
찬솔,21
제하,21
선유,21
단,21
유담,21
해솔,21
영철,20
병진,20
홍준,20
성용,20
시혁,20
성제,20
제현,20
건하,20
기훈,20
의진,20
태헌,20
선재,20
민율,20
동수,19
범석,19
한규,19
성일,19
상수,19
태진,19
진용,19
제우,19
희승,19
호원,19
신후,19
강인,19
규원,19
다원,19
용석,18
원일,18
병민,18
원규,18
기동,18
영주,18
진규,18
태정,18
채훈,18
건민,18
경모,18
이찬,18
현중,18
호재,18
수한,18
연후,18
경원,18
예훈,18
한별,18
리호,18
서한,18
노아,18
우민,18
채우,18
은결,18
찬서,18
동채,17
영근,17
대규,17
정주,17
성태,17
장현,17
희도,17
세민,17
진홍,17
정욱,17
도,17
장원,17
태강,17
동석,17
규연,17
보겸,17
결,17
재인,17
서하,17
효섭,16
정진,16
정일,16
기백,16
동섭,16
승철,16
근후,16
서범,16
광민,16
경수,16
윤한,16
유승,16
승제,16
재익,16
형민,16
기준,16
효민,16
한성,16
승수,16
현종,16
윤겸,16
수빈,16
한겸,16
현율,16
지온,16
승리,16
정운,15
용철,15
문수,15
명기,15
기영,15
영대,15
세환,15
시한,15
재완,15
준열,15
윤상,15
효성,15
대연,15
원혁,15
로한,15
경현,15
서환,15
동율,15
경빈,15
찬형,15
대환,15
성하,15
세인,15
기윤,15
찬빈,15
규진,15
승기,15
지섭,15
강유,15
담,15
다현,15
서안,15
경석,14
철우,14
성식,14
영운,14
승한,14
민국,14
창호,14
기정,14
현동,14
대희,14
연승,14
승완,14
명재,14
제영,14
기원,14
혁준,14
지상,14
동헌,14
인규,14
용우,14
태곤,14
이건,14
범서,14
태희,14
영후,14
수,14
예승,14
서찬,14
대한,14
호윤,14
태은,14
해윤,14
보민,14
요엘,14
이삭,14
유환,14
수인,14
루이,14
사무엘,14
하겸,14
의준,14
도담,14
우솔,14
형철,13
상문,13
금조,13
세범,13
견후,13
영일,13
상규,13
형섭,13
대욱,13
한,13
인준,13
재웅,13
준상,13
선준,13
보석,13
민교,13
민욱,13
도헌,13
부겸,13
규혁,13
종윤,13
용주,13
태후,13
병현,13
규범,13
무빈,13
리온,13
채준,13
연재,13
유호,13
이도,13
유겸,13
앤드류,13
채운,13
예건,13
정태,12
철민,12
성철,12
형근,12
지형,12
우철,12
석범,12
남규,12
경,12
윤환,12
석진,12
희태,12
성규,12
유석,12
민균,12
명훈,12
인영,12
재정,12
석환,12
성후,12
진하,12
도빈,12
재림,12
별,12
민섭,12
유근,12
동휘,12
로하,12
병수,11
보승,11
영욱,11
영식,11
대균,11
영덕,11
종수,11
수용,11
진환,11
영록,11
우섬,11
정범,11
다윗,11
정한,11
채범,11
인재,11
재승,11
채원,11
안,11
민식,11
도환,11
보검,11
상엽,11
성혁,11
준표,11
승욱,11
강희,11
유상,11
상영,11
원찬,11
영웅,11
기연,11
형찬,11
재건,11
영빈,11
수훈,11
혁진,11
솔,11
해찬,11
이환,11
윤오,11
하엘,11
재후,11
강훈,11
재서,11
세종,11
민후,11
은오,11
필립,11
찬웅,11
주하,11
지유,11
하운,11
다엘,11
재철,10
인석,10
현국,10
창대,10
대우,10
영도,10
병호,10
동기,10
재홍,10
용하,10
성록,10
창수,10
홍규,10
정준,10
주열,10
영택,10
승엽,10
광철,10
민관,10
석우,10
승운,10
주상,10
영규,10
시운,10
영걸,10
용재,10
병국,10
석준,10
승규,10
규보,10
새벽,10
주훈,10
경찬,10
재상,10
서훈,10
현겸,10
범규,10
세한,10
권,10
승언,10
호정,10
건률,10
서웅,10
창훈,10
찬용,10
민하,10
효원,10
영서,10
원,10
주언,10
유노,10
하담,10
도엽,9
상철,9
경택,9
원진,9
반석,9
진만,9
성범,9
무건,9
광수,9
동엽,9
인기,9
철수,9
창환,9
태수,9
영돈,9
수원,9
명환,9
현구,9
한빈,9
윤기,9
영화,9
병규,9
성도,9
우정,9
유주,9
재화,9
경재,9
호림,9
건형,9
강윤,9
상헌,9
대웅,9
태용,9
원율,9
운호,9
도은,9
제준,9
신,9
선,9
누리,9
민종,9
현근,9
세빈,9
충현,9
택현,9
서형,9
연성,9
동빈,9
세온,9
태산,9
수안,9
다훈,9
정연,9
재은,9
시유,9
윤민,9
이언,9
~99,9
유한,9
명길,8
무근,8
광석,8
명근,8
두환,8
정철,8
정필,8
태룡,8
서백,8
상옥,8
동권,8
구현,8
보명,8
태권,8
장수,8
대성,8
민권,8
세용,8
명규,8
진태,8
승일,8
정렬,8
승학,8
무준,8
윤택,8
성광,8
재근,8
윤도,8
리후,8
기석,8
중현,8
민겸,8
용,8
정완,8
정율,8
찬성,8
우,8
동률,8
유태,8
강호,8
건이,8
채호,8
현식,8
건욱,8
경진,8
진웅,8
효근,8
주윤,8
정안,8
유재,8
태언,8
준규,8
헌,8
채윤,8
주찬,8
제민,8
휘찬,8
한서,8
준섭,8
태일,8
선오,8
혜준,8
하원,8
마루,8
리오,8
도근,7
인태,7
재명,7
석희,7
용규,7
지백,7
정용,7
상범,7
영상,7
재복,7
광호,7
호종,7
용원,7
성문,7
태주,7
창희,7
승용,7
주석,7
기남,7
동한,7
원용,7
승모,7
건웅,7
근영,7
무겸,7
기명,7
동운,7
성종,7
희석,7
상운,7
은식,7
선영,7
영태,7
종희,7
시웅,7
승희,7
제윤,7
선규,7
홍진,7
재신,7
검재,7
상희,7
찬현,7
준아,7
성희,7
병주,7
종욱,7
태혁,7
현찬,7
규동,7
수완,7
동인,7
기주,7
수성,7
수종,7
문기,7
수하,7
병우,7
영채,7
정헌,7
형규,7
우용,7
보현,7
경주,7
준식,7
의찬,7
이헌,7
준한,7
시진,7
하승,7
선빈,7
예담,7
찬식,7
태랑,7
서인,7
지강,7
훤,7
강연,7
경록,7
제이,7
희윤,7
호빈,7
해담,7
환서,7
진율,7
라엘,7
소망,7
성율,7
주빈,7
예온,7
재휘,7
제이슨,7
래오,7
다호,7
예현,7
선웅,7
해온,7
라현,7
이,6
완규,6
병일,6
정희,6
보규,6
희철,6
오현,6
도규,6
제형,6
용환,6
우섭,6
장호,6
효재,6
동길,6
진재,6
원기,6
우남,6
용태,6
주승,6
강진,6
홍석,6
연석,6
길현,6
민구,6
정엽,6
성근,6
래호,6
운재,6
지학,6
철영,6
윤하,6
겨레,6
명식,6
서영,6
관영,6
호철,6
민유,6
아진,6
명우,6
용훈,6
연욱,6
정,6
경덕,6
의재,6
가을,6
건도,6
혜민,6
승겸,6
교준,6
성헌,6
주연,6
성엽,6
제호,6
윤승,6
명성,6
재한,6
은철,6
성균,6
호경,6
지언,6
지산,6
종진,6
홍기,6
강혁,6
동후,6
한영,6
건휘,6
설,6
희우,6
설민,6
진운,6
태림,6
시열,6
순우,6
래원,6
채진,6
다윤,6
선민,6
남현,6
요섭,6
용찬,6
범주,6
민환,6
승효,6
채빈,6
환호,6
하울,6
이담,6
효빈,6
태빈,6
도한,6
혜찬,6
차민,6
우람,6
용빈,6
용민,6
영윤,6
상후,6
리원,6
은빈,6
다겸,6
무영,6
브랜든,6
호현,6
슬찬,6
나단,6
에이든,6
다민,6
강산,6
준이,6
레오,6
해율,6
라윤,6
찬열,6
로윤,6
박,5
광희,5
무경,5
부길,5
병길,5
길호,5
한용,5
동일,5
기호,5
근오,5
시맥,5
배종,5
태효,5
성봉,5
경완,5
창식,5
명보,5
무룡,5
대열,5
일형,5
대완,5
수석,5
홍주,5
대광,5
봉수,5
성한,5
지영,5
금재,5
병태,5
덕환,5
기철,5
병욱,5
루겸,5
보권,5
문걸,5
필,5
덕성,5
강빈,5
범,5
석,5
민상,5
유종,5
제연,5
재석,5
동관,5
광명,5
동화,5
운,5
선용,5
형태,5
성은,5
제훈,5
경남,5
진겸,5
용희,5
광혁,5
민범,5
대용,5
천용,5
영제,5
강후,5
이진,5
중기,5
동렬,5
성룡,5
종관,5
창윤,5
기홍,5
인찬,5
지태,5
진모,5
희제,5
성열,5
용건,5
찬규,5
유연,5
장한,5
용성,5
우경,5
승석,5
태기,5
강욱,5
수윤,5
찬원,5
남준,5
만희,5
중민,5
건오,5
수홍,5
진후,5
준구,5
민엽,5
상빈,5
현학,5
택연,5
도협,5
태한,5
도완,5
언,5
지빈,5
현제,5
치호,5
태근,5
노엘,5
정음,5
승균,5
조셉,5
윤섭,5
승안,5
빈,5
로훈,5
세완,5
재찬,5
호근,5
찬진,5
일우,5
준선,5
래현,5
찬휘,5
이서,5
세담,5
조한,5
준율,5
이산,5
윤규,5
권율,5
에녹,5
규식,5
승건,5
유온,5
예완,5
소명,5
하영,5
혁주,5
서완,5
솔민,5
기율,5
서유,5
크리스토퍼,5
건아,5
리환,5
탄,5
태서,5
서온,5
은유,5
아람,5
에릭,5
로아,5
카일,5
다올,5
모건,5
현섭,4
무형,4
명국,4
상연,4
현영,4
영두,4
병찬,4
수진,4
문규,4
영국,4
인회,4
영달,4
도검,4
재수,4
우제,4
현주,4
선태,4
승택,4
범균,4
장민,4
영만,4
샘,4
일,4
원식,4
찬욱,4
대권,4
시무,4
광훈,4
광일,4
관호,4
한우,4
교성,4
승천,4
수형,4
근태,4
태복,4
경인,4
상제,4
인선,4
문현,4
범근,4
석영,4
근하,4
재구,4
도열,4
본영,4
세헌,4
필준,4
성,4
권후,4
명석,4
덕호,4
상인,4
시몬,4
승인,4
은구,4
진한,4
신혁,4
재열,4
영조,4
종무,4
근원,4
용기,4
보경,4
명원,4
호천,4
철현,4
대석,4
수일,4
중호,4
재표,4
재문,4
도민,4
강수,4
명후,4
홍경,4
병석,4
영천,4
민근,4
석기,4
탁,4
이윤,4
경운,4
상록,4
해민,4
현상,4
광우,4
치영,4
중원,4
건용,4
동형,4
원섭,4
석빈,4
익현,4
주오,4
용일,4
도혁,4
어진,4
윤영,4
화영,4
승율,4
현오,4
선교,4
찬엽,4
규선,4
규한,4
용운,4
세정,4
기완,4
태석,4
규석,4
진오,4
진명,4
형균,4
본우,4
태화,4
종연,4
준빈,4
율건,4
영신,4
은기,4
휘근,4
행운,4
은태,4
장우,4
상효,4
라원,4
효석,4
혁수,4
대헌,4
의성,4
건효,4
지명,4
윤슬,4
희민,4
제원,4
지찬,4
이재,4
병건,4
윤범,4
준협,4
재온,4
세성,4
병율,4
완,4
호담,4
형기,4
두원,4
별하,4
상협,4
은택,4
지범,4
설우,4
재의,4
도휘,4
루다,4
송민,4
강한,4
이레,4
재유,4
병윤,4
라호,4
세혁,4
규형,4
규영,4
현희,4
태관,4
초원,4
무현,4
승휘,4
예겸,4
힘찬,4
은상,4
다솔,4
산하,4
푸름,4
현솔,4
루하,4
휘,4
예권,4
제아,4
원희,4
하음,4
매튜,4
민조,4
단율,4
상율,4
가율,4
희율,4
유은,4
아빈,4
찬후,4
다울,4
유,4
현유,4
태리,4
종빈,4
치원,4
예강,4
아로,4
인서,4
래윤,4
나율,4
교현,4
헨리,4
서오,4
이루,4
예한,4
윤모,4
래온,4
루호,4
데이빗,4
해든,4
한승,3
부승,3
상일,3
전,3
문준,3
곤,3
영남,3
형신,3
한검,3
대식,3
사윤,3
보정,3
진구,3
형빈,3
일용,3
용식,3
용선,3
섬근,3
창준,3
무승,3
길후,3
창진,3
만수,3
문재,3
봉준,3
익수,3
예빈,3
전진,3
석이,3
병권,3
유식,3
종덕,3
철운,3
병훈,3
수범,3
환웅,3
혁기,3
태길,3
성렬,3
근환,3
봉학,3
연환,3
주일,3
상용,3
형순,3
백산,3
제인,3
필중,3
채환,3
대근,3
창욱,3
현산,3
정명,3
원철,3
겸재,3
명호,3
우종,3
성영,3
병영,3
문구,3
성화,3
균호,3
홍태,3
진기,3
규탁,3
창규,3
형재,3
원욱,3
용은,3
형노,3
낙현,3
봉기,3
명완,3
종필,3
장환,3
성기,3
명일,3
대명,3
경림,3
재창,3
윤검,3
진열,3
택근,3
대산,3
준홍,3
한진,3
경철,3
주엽,3
두진,3
희언,3
용화,3
태평,3
성국,3
순원,3
규완,3
보관,3
상률,3
희창,3
수헌,3
서혁,3
원현,3
인희,3
덕인,3
필재,3
연조,3
효승,3
창렬,3
우수,3
상하,3
동해,3
승영,3
광원,3
준엽,3
규백,3
대중,3
은국,3
상완,3
호산,3
제환,3
동찬,3
대안,3
신일,3
종천,3
민현,3
종성,3
철한,3
기표,3
경율,3
혁민,3
재오,3
원효,3
인하,3
승권,3
문석,3
정도,3
석헌,3
형모,3
길우,3
윤철,3
균하,3
찬일,3
일규,3
남훈,3
가빈,3
인철,3
완수,3
상기,3
종준,3
조현,3
환석,3
도이,3
가호,3
남혁,3
태홍,3
창덕,3
연택,3
남수,3
상태,3
기찬,3
사랑,3
수언,3
근찬,3
지함,3
재천,3
보담,3
찬하,3
래인,3
제범,3
해원,3
종일,3
세희,3
은창,3
은서,3
두산,3
찬익,3
현건,3
유로,3
건무,3
창용,3
경탁,3
한신,3
현택,3
재관,3
재록,3
가인,3
은률,3
호석,3
본호,3
준연,3
인학,3
해승,3
준택,3
세건,3
원종,3
창혁,3
태선,3
현결,3
우태,3
승표,3
종학,3
동은,3
호승,3
동경,3
민희,3
주온,3
나무,3
태구,3
지홍,3
병관,3
명민,3
이원,3
우겸,3
채혁,3
서담,3
경문,3
원빈,3
승,3
승목,3
용후,3
근혁,3
율하,3
한민,3
동구,3
선제,3
태상,3
승오,3
명찬,3
동열,3
한선,3
기용,3
새영,3
일호,3
민세,3
희로,3
기웅,3
률,3
지효,3
민오,3
다운,3
리차드,3
름,3
온,3
규상,3
현범,3
이온,3
국,3
종헌,3
루아,3
강이,3
우리,3
문승,3
테오,3
로원,3
문철,3
민창,3
효우,3
준승,3
승곤,3
창영,3
해강,3
치훈,3
기광,3
제백,3
준배,3
승협,3
유지,3
형식,3
한빛,3
호인,3
소율,3
무혁,3
호태,3
서휘,3
신욱,3
인건,3
다빈,3
인겸,3
우형,3
정찬,3
유비,3
택훈,3
예일,3
근휘,3
한음,3
이빈,3
하륜,3
우림,3
교빈,3
도희,3
병하,3
규담,3
이룸,3
윤결,3
명현,3
진유,3
루한,3
유마,3
주율,3
소을,3
준화,3
바울,3
수연,3
영범,3
호겸,3
찬슬,3
석찬,3
두희,3
시연,3
재언,3
상,3
현웅,3
효겸,3
휘성,3
강찬,3
종율,3
기민,3
은섭,3
백현,3
지음,3
희건,3
도언,3
오윤,3
은겸,3
은탁,3
슬우,3
예헌,3
찬이,3
담율,3
해건,3
종인,3
율찬,3
현담,3
선후,3
예안,3
석주,3
다인,3
여름,3
희온,3
이솔,3
은솔,3
저스틴,3
민솔,3
기안,3
렌,3
이율,3
애론,3
서헌,3
하경,3
죠셉,3
데이비드,3
리준,3
도아,3
서연,44171
서윤,40229
서현,32469
지우,31753
민서,28168
하윤,24416
하은,23728
윤서,21203
채원,20542
지윤,20150
지유,19763
지민,19337
지원,17803
지안,16003
수아,15657
은서,15038
지아,14330
다은,13664
수빈,13099
유진,12330
예은,12317
수연,12036
서아,11795
서영,11470
소율,10825
하린,10396
예원,10168
예린,9027
소윤,8672
민지,7285
유나,6972
수민,6873
시은,6785
채은,6254
예진,5983
시아,5958
수현,5943
가은,5783
연우,5545
윤아,5485
아린,5221
지현,5120
서우,4974
민주,4793
시연,4739
민정,4735
유주,4247
예나,4180
도연,4075
하율,3957
주아,3949
연서,3812
아윤,3719
나은,3665
지연,3647
서하,3611
지은,3528
민경,3336
정원,3302
지영,3097
아인,3070
예서,3054
다인,2948
유정,2881
서은,2868
소연,2845
현서,2786
나경,2778
채아,2705
다연,2701
나윤,2622
이서,2586
서진,2473
수진,2366
주연,2353
채윤,2179
서율,2157
지율,2113
나연,2083
다온,2082
하연,2073
지수,2017
규리,1919
시현,1799
유빈,1695
다현,1678
혜원,1597
예지,1446
나현,1432
수정,1344
소은,1335
윤지,1323
보경,1270
현주,1106
서희,1104
현정,1094
세아,1075
소영,1008
사랑,1003
주하,967
다윤,967
예빈,961
윤정,909
연주,882
유하,855
도경,849
소민,844
정민,831
소현,827
지혜,823
나영,810
재이,788
리아,788
은채,783
태희,736
하영,713
봄,702
현지,674
보민,658
혜진,629
태리,627
정연,624
정은,621
주원,621
민채,612
정윤,591
승아,587
로아,578
세연,569
세은,568
윤주,554
민아,542
소이,532
도희,530
주은,523
채연,518
주희,498
태연,490
아영,490
승연,486
시윤,484
설아,480
선영,461
채영,455
채린,450
은지,441
예림,430
은정,403
은영,400
연수,399
연아,394
소정,374
은혜,373
가윤,373
채이,368
효주,357
정현,353
주영,351
라희,339
소희,336
윤하,327
가연,314
은주,312
현아,309
정아,306
가현,305
태은,304
수인,299
윤희,298
유리,298
주현,287
가영,284
다경,283
유경,282
아현,277
재희,272
도은,270
서정,266
예주,248
하진,240
지효,240
라온,235
다겸,233
하나,231
정희,229
루아,221
혜정,220
유림,219
도아,209
이나,200
현진,199
이현,193
서원,189
수지,187
승희,186
소미,186
수영,185
은재,181
태린,180
혜주,177
다혜,177
영주,175
채민,174
지온,174
도영,169
가온,169
나겸,155
은수,155
가빈,155
채현,154
나율,153
진아,152
다영,152
다솜,151
리안,148
재인,147
윤슬,147
가을,145
정인,143
보미,140
하정,139
다희,139
은우,137
은희,134
민영,134
선희,133
지호,133
연희,130
세영,130
단아,130
효정,129
혜린,129
수경,128
진희,126
재은,126
선우,125
연재,125
준희,124
지희,122
은유,122
여진,121
민선,120
유민,119
시온,118
희정,117
유라,117
예슬,116
세인,114
승현,112
선아,111
은솔,111
한나,110
하랑,110
태경,109
윤진,109
서인,108
지후,108
미소,105
민하,103
아진,102
희진,101
고은,101
지인,100
하온,100
승주,99
혜인,99
아라,99
희주,97
혜영,92
해인,91
미정,89
한별,89
영은,88
미경,86
시우,86
태이,81
하늘,81
채빈,80
은진,79
효린,79
다율,77
경희,76
유미,76
혜림,76
희원,76
율,76
다원,75
라엘,71
채희,70
진영,68
혜리,68
은하,68
경민,67
도윤,67
아연,66
다빈,64
이안,64
이솔,64
미영,63
연지,63
지선,62
도이,62
세희,61
희수,60
하람,60
하리,60
여원,59
윤경,58
효원,58
리원,58
유은,58
선미,57
은경,57
제인,57
성은,56
도현,56
나희,56
라윤,55
은비,55
가령,53
효진,53
설,53
시하,52
별,52
제이,51
은성,51
유안,51
리나,51
슬아,51
수미,50
민희,50
혜민,50
시영,49
선유,49
세현,49
소유,49
해나,48
소담,47
미주,46
세빈,46
서빈,46
유이,46
성희,45
수안,45
경은,45
지예,45
은별,45
하엘,45
진주,44
은설,44
미선,43
영서,43
윤채,42
보영,42
로희,42
미연,41
은아,41
규빈,41
윤영,40
윤,40
혜윤,40
효은,40
세린,40
영희,39
솔,39
예솔,39
아율,39
근영,38
인영,38
하빈,38
려원,37
희연,37
규림,37
진서,37
혜경,36
시원,36
은율,36
가람,35
가인,35
선주,34
규미,34
정화,34
도하,34
미나,34
가율,34
선화,33
혜연,33
혜나,33
아름,33
가희,33
현경,32
안나,32
여름,32
새봄,32
별하,32
은선,31
이수,31
다정,31
서린,31
윤설,30
예리,30
인아,30
인서,30
서이,29
윤선,29
하민,29
은빈,29
영미,28
미진,28
보라,28
혜선,28
태림,28
리하,28
소원,28
다해,28
이진,28
해솔,28
효민,28
성연,27
나예,27
지나,27
세라,27
규린,26
아림,26
현숙,25
은미,25
유선,25
세정,25
세진,25
여은,25
민솔,25
루다,25
아란,25
하루,25
효빈,25
은숙,24
해리,24
성아,24
라은,24
예담,24
영숙,23
영선,23
재연,23
유현,23
송현,23
하라,23
제니,23
하늬,23
로하,23
연정,22
현희,22
태영,22
에스더,22
나래,22
해린,22
시안,22
해윤,22
수하,22
수린,22
아람,22
동주,21
해원,21
하경,21
주혜,21
시율,21
승은,20
서경,20
나라,20
세령,20
아리,20
주미,19
혜빈,19
예인,19
루리,19
선경,18
명진,18
세미,18
건희,18
민재,18
희윤,18
예령,18
아정,18
지오,18
예온,18
한비,18
미숙,17
경아,17
규나,17
혜령,17
나원,17
태윤,17
정빈,17
다예,17
윤솔,17
선율,17
경숙,16
혜수,16
희영,16
신영,16
도원,16
수희,16
선하,16
효림,16
재윤,16
나린,16
서유,16
로은,16
규연,16
한솔,16
린,16
문정,15
명희,15
정숙,15
태인,15
연진,15
재경,15
세원,15
주안,15
채율,15
온유,15
율하,15
채하,15
제나,15
하음,15
애린,15
예봄,15
영아,14
정안,14
현수,14
금비,14
서안,14
소진,14
우주,14
다미,14
기쁨,14
예현,14
시유,14
이엘,14
혜은,13
미화,13
유영,13
연경,13
희선,13
미서,13
송이,13
담희,13
송연,13
보현,13
지애,13
인애,13
재아,13
고운,13
사라,13
해림,13
라임,13
이레,13
지운,13
유연,13
소예,13
보윤,13
단비,13
태현,12
혜미,12
경미,12
혜지,12
현,12
여정,12
화영,12
민진,12
규희,12
세윤,12
경원,12
은,12
이담,12
영채,12
유비,12
라원,12
가민,12
희서,12
선,12
한결,12
소망,12
희은,12
슬,12
채유,12
루나,12
리온,12
김,11
다교,11
순영,11
미애,11
진경,11
규민,11
희경,11
재영,11
미래,11
소라,11
희재,11
이든,11
설하,11
하임,11
혜율,11
솜,11
예음,11
누리,11
루하,11
해연,10
영애,10
근아,10
정미,10
미희,10
상희,10
나혜,10
승혜,10
지언,10
영현,10
보은,10
강희,10
우리,10
효리,10
승유,10
유지,10
효인,10
유담,10
하원,10
예솜,10
로운,10
로이,10
담이,10
민유,10
루희,10
인숙,9
새벽,9
인하,9
선정,9
예경,9
해주,9
은교,9
영화,9
이정,9
인혜,9
서후,9
나금,9
려은,9
리현,9
보람,9
라율,9
세하,9
하령,9
보빈,9
새론,9
해빈,9
담,9
해온,9
정애,8
순희,8
경화,8
정,8
성주,8
원희,8
서주,8
영지,8
채령,8
은제,8
가경,8
정하,8
예영,8
민설,8
송희,8
여울,8
은호,8
민소,8
가원,8
예설,8
린아,8
라연,8
민,8
나리,8
율아,8
슬비,8
나온,8
래아,8
승리,8
유솔,8
이은,8
라현,8
이원,8
한슬,8
소을,8
예승,8
명주,7
서목,7
미란,7
보정,7
윤겸,7
진이,7
선민,7
현선,7
금주,7
미송,7
미라,7
승미,7
호정,7
선혜,7
수예,7
경빈,7
세민,7
도혜,7
연,7
라경,7
성빈,7
리,7
하림,7
세온,7
희나,7
자인,7
유희,7
규원,7
신혜,7
빛나,7
주윤,7
초원,7
그린,7
노엘,7
은세,7
예람,7
다나,7
시언,7
소린,7
서림,7
율희,7
샤론,7
우진,7
진,7
은후,7
예윤,7
세나,7
이솜,7
애나,7
희,7
단,7
희율,7
레나,7
예랑,7
루비,7
윤이,7
세이,7
이봄,7
하이,7
영인,6
경란,6
해정,6
은애,6
섬결,6
정선,6
윤제,6
나운,6
지숙,6
영옥,6
윤미,6
성미,6
문경,6
성민,6
가비,6
희지,6
인경,6
인선,6
우림,6
우정,6
윤성,6
성혜,6
설연,6
연화,6
장미,6
송주,6
조은,6
환희,6
하현,6
현민,6
선빈,6
란,6
성윤,6
수련,6
호연,6
채안,6
서혜,6
율리,6
은겸,6
한희,6
혜교,6
보나,6
애리,6
유아,6
나나,6
예라,6
채인,6
리우,6
채리,6
희민,6
서휘,6
시호,6
예송,6
다솔,6
안,6
아빈,6
초아,6
한율,6
주리,6
레아,6
다엘,6
리호,6
리윤,6
예안,6
도담,6
영란,5
경애,5
선옥,5
혜란,5
려경,5
진숙,5
해영,5
연옥,5
유성,5
보결,5
정서,5
민교,5
정혜,5
동희,5
현이,5
미혜,5
자연,5
도겸,5
새롬,5
수화,5
성원,5
다감,5
정순,5
명자,5
승윤,5
부경,5
솔비,5
수비,5
성현,5
동화,5
정이,5
비주,5
민결,5
초희,5
주화,5
자영,5
서화,5
인우,5
예희,5
연오,5
영,5
노을,5
승민,5
엘리야,5
소명,5
슬기,5
준영,5
채언,5
다애,5
지음,5
주언,5
나림,5
해랑,5
나,5
가린,5
송윤,5
이주,5
주빈,5
단하,5
하선,5
나민,5
주율,5
송하,5
세경,5
지해,5
의진,5
은효,5
아미,5
지빈,5
푸름,5
태미,5
효우,5
솔희,5
솔민,5
희우,5
규비,5
해담,5
마리,5
재나,5
리사,5
주엘,5
빈,5
루이,5
엘라,5
아랑,5
이설,5
다니,5
문영,4
혜성,4
미성,4
재현,4
계순,4
혜승,4
경선,4
태금,4
영순,4
순복,4
원정,4
해수,4
영진,4
문주,4
보배,4
재원,4
영자,4
희라,4
유란,4
경진,4
슬빈,4
남희,4
세비,4
여경,4
건영,4
윤나,4
승하,4
미,4
차연,4
화정,4
진선,4
예소,4
상은,4
솔미,4
윤조,4
노은,4
영빈,4
은결,4
진효,4
다비,4
나임,4
유화,4
민혜,4
믿음,4
미리,4
결,4
서형,4
해미,4
소혜,4
레,4
자은,4
재하,4
윤재,4
효경,4
효연,4
아리아,4
설희,4
현승,4
채나,4
효영,4
세람,4
이슬,4
초이,4
리유,4
아원,4
나령,4
연하,4
제희,4
설현,4
래나,4
해민,4
수완,4
세리,4
민송,4
바다,4
신비,4
세림,4
민성,4
하솔,4
연선,4
샛별,4
미아,4
채림,4
엘리,4
리예,4
다안,4
보아,4
~99,4
효지,4
윤우,4
주예,4
한아,4
다민,4
이린,4
민슬,4
예선,4
이랑,4
규은,4
세화,4
연두,4
리라,4
채운,4
소리,4
지솔,4
규아,4
미우,4
라인,4
재린,4
나엘,4
하주,4
새별,4
다을,4
소울,4
여린,4
주이,4
연숙,3
희령,3
예섬,3
미현,3
기령,3
수향,3
해령,3
연제,3
송아,3
효재,3
서완,3
금서,3
지형,3
난영,3
미승,3
성숙,3
윤교,3
명순,3
미자,3
예련,3
영신,3
희자,3
현자,3
미옥,3
금순,3
경임,3
라영,3
라혜,3
미건,3
옥,3
민숙,3
명옥,3
수원,3
도형,3
세벽,3
문희,3
준아,3
상이,3
명화,3
시후,3
연후,3
선예,3
미교,3
현우,3
춘선,3
동은,3
기량,3
수임,3
현영,3
가이,3
리희,3
상아,3
향미,3
영윤,3
여빈,3
명서,3
건아,3
승효,3
비송,3
시형,3
은새,3
제영,3
남주,3
재민,3
지이,3
수림,3
채온,3
인화,3
성자,3
현애,3
윤혜,3
화연,3
민조,3
명현,3
율이,3
혜련,3
규란,3
채미,3
교연,3
보금,3
소후,3
정주,3
유원,3
겸서,3
비가나,3
윤송,3
하니,3
로나,3
우연,3
희현,3
민애,3
인희,3
주,3
제은,3
두희,3
진유,3
래현,3
찬미,3
수,3
리빈,3
다운,3
아령,3
설리,3
희유,3
랑,3
보리,3
효선,3
하,3
다함,3
소아,3
엘,3
혜랑,3
예연,3
리영,3
어진,3
제린,3
여온,3
서령,3
루원,3
창희,3
시엘,3
서미,3
여민,3
니나,3
보겸,3
유온,3
새라,3
경림,3
혜서,3
성언,3
하얀,3
마음,3
늘,3
태령,3
라헬,3
수윤,3
다슬,3
한음,3
솔지,3
영혜,3
예율,3
예란,3
유린,3
조안,3
시예,3
윤소,3
지완,3
승휘,3
찬희,3
리진,3
해니,3
담솔,3
차영,3
서별,3
정음,3
라나,3
도예,3
시야,3
제시,3
하슬,3
레이나,3
지니,3
해율,3
하희,3
가림,3
나우,3
희엘,3
혜온,3
하겸,3
초은,3
리세,3
열음,3
새빛,3
하울,3
우린,3
윤담,3
아솔,3
새나,3
한유,3
은봄,3
태라,3
은규,3
봄이,3
한설,3
리율,3
수리,3
차은,3
리엘,3
로윤,3
이음,3
엘리나,3
올리비아,3
이플,3
아엘,3
유니,3
클로이,3
아이린,3
별아,3
